	Topic_Num	Topic_Perc_Contrib	Keywords	Text
0	0.0	0.3495	제기, 판정, 변이, 패혈증, 전파, 대구, 경우, 있다, 음성, 한타바이러스	"변종 코로나19가 급성 패혈증 유발한다신종 코로나바이러스 감염증(코로나19)과 패혈증(sepsis·敗血症)의 관련성에 관심을 갖는 이들이 적지 않다. 국내에서 코로나19 감염자가 패혈증으로 사망한 사례가 있지만, 코로나19와 패혈증의 관계에 궁금증이 증폭된 계기는 코로나19 음성 판정을 받은 것으로 알려진 배우 문지윤씨와 아프리카TV BJ 이치훈씨 등 30대 남성 2명이 패혈증으로 목숨을 잃은 일이었다.  인터넷 커뮤니티에서는 ""증상이 있은 후 불과 5∼7일만에 급성 패혈증으로 사망하는 게 이상하다. 변이된 슈퍼 코로나바이러스일 수 있다"", ""아무래도 코로나 관련 돌연변이에서 생성된 바이러스가 급성 패혈증을 유발하는 건 아닌지"" 등의 글이 올라왔다.  양성·음성을 가르는 국내 검진 장비로 걸러낼 수 없을 만큼 변이된 코로나19가 급성 패혈증을 야기한 것 아니냐는 막연한 추측까지 제기된 것이다.  변종 코로나 19가 급성 패혈증을 유발한다는 건 사실일까? 연합뉴스 팩트체크팀이 확인해봤다."
1	0.0	0.3002	제기, 판정, 변이, 패혈증, 전파, 대구, 경우, 있다, 음성, 한타바이러스	변이한 코로나19 유전자, 진단키트로 못 잡는다신종 코로나바이러스 감염증(코로나19)의 '변이' 문제가 관심사로 떠오르고 있다. 발열 등 증상 발현  8일만에 폐렴으로 숨진 대구의 17세 고교생, 각각 30대 나이에 급성 패혈증으로 사망한 배우 문지윤 씨와 아프리카 TV BJ 이치훈씨 등은 코로나 19 감염 확진 판정을 받지 않았다. 대구 고교생의 경우 10여차례 음성 판정과 한차례의 양성 소견이 엇갈렸지만 사후에 음성으로 최종 결론이 났다.  하지만 이들의 비보를 접한 네티즌들 사이에서는 진단 검사에서 양성으로 걸러지지 않을 정도로 변이한 코로나19가 퍼지고 있는 것 아니냐는 추측이 제기되고 있다.  SNS에는 '코로나가 증상은 강해지고 진단검사에 걸리지 않을 정도로 변이했을까봐 무섭다', '코로나19가 변이된 새로운 형태의 바이러스일까 걱정된다'는 등의 글이 꼬리에 꼬리를 물고 있다.  만일 코로나 19 유전자 변이가 나타날 경우, 현재의 진단 키트로는 감염 여부를 잡아낼 수 없을까?
2	0.0	0.2254	제기, 판정, 변이, 패혈증, 전파, 대구, 경우, 있다, 음성, 한타바이러스	"코로나 이어 중국발 한타바이러스 전파 가능성있다인터넷 공간에서 한타바이러스(Hanta virus)에 관심을 갖는 이들이 적지 않다. 중국에서 사망한 한 노동자에게서 한타바이러스 양성 반응이 나왔다는 현지 언론 보도가 국내 언론을 통해 전해진 것이 계기였다.  신종 코로나바이러스 감염증(코로나19)에 이어 또 하나의 중국발 바이러스 감염병이 국내로 전파되는 것 아니냐는 다소 막연한 우려가 제기된 것이다. 중국 관영 글로벌타임스의 25일 보도에 따르면 윈난(雲南)성 출신 노동자 톈(田)모씨가 지난 23일 버스를 타고 일터가 있는 산둥(山東)성으로 가는 길에 사망했는데, 사후 검사에서 한타바이러스 양성 판정을 받았으며 코로나19는 음성 반응이 나왔다고 한다.  이 기사를 접한 일부 네티즌들은 ""한타바이러스 한국에서도 위험한 것 아냐?"", ""이거 사람간 전염되면 어떻게 되는 거죠?"" 등과 같은 글을 SNS나 인터넷 커뮤니티 등에 올렸다. 정말 코로나 이어 중국발 한타바이러스 전파 가능성이 있을까?"
3	0.0	0.1346	제기, 판정, 변이, 패혈증, 전파, 대구, 경우, 있다, 음성, 한타바이러스	코로나19 3번 확진자는 슈퍼전파자이다? 지난 12일, 국내 3번째 코로나19 감염증 환자(54세 남성, 한국인)가 퇴원했다. 중국 우한시 거주자로 지난 달 20일 일시 귀국했다가 증상이 시작돼 26일 확진된 환자이다. 3번 확진환자가 접촉한 사람 중 2· 3차 감염 사례가 잇따라 나오면서 이 남성이 '슈퍼 전파자'라고 지목되기도 했다. 다수의 사람들에게 바이러스를 옮겼다는 비난이다. 이 남성, 정말로 '슈퍼 전파자'가 맞을지 따져봤다.
4	0.0	0.0981	제기, 판정, 변이, 패혈증, 전파, 대구, 경우, 있다, 음성, 한타바이러스	배달원 통해 코로나 전염될 수 있다?온라인상에서 음식·물품 등을 배달하는 배달원을 통해 코로나19가 전파될 수 있다는 게시글이 다수 올라오고 있음. 실제로 배달원들의 경우 여러 사람을 만나는 직업 특성상 코로나19 감염자와 접촉할 확률이 일반인보다 높은 상황.
5	0.0	0.0803	제기, 판정, 변이, 패혈증, 전파, 대구, 경우, 있다, 음성, 한타바이러스	울산·창원에서 확진자가 나왔는데 보도가 안되고 있다?울산과 경남 창원에서 확진자가 나왔는데 보도가 안되고 있다?증거로 실제 공무원들이 보고한 문자 내용도 있다?Powered by Froala Editor
6	0.0	0.0435	제기, 판정, 변이, 패혈증, 전파, 대구, 경우, 있다, 음성, 한타바이러스	
7	0.0	0.0435	제기, 판정, 변이, 패혈증, 전파, 대구, 경우, 있다, 음성, 한타바이러스	
8	0.0	0.0435	제기, 판정, 변이, 패혈증, 전파, 대구, 경우, 있다, 음성, 한타바이러스	
9	0.0	0.0435	제기, 판정, 변이, 패혈증, 전파, 대구, 경우, 있다, 음성, 한타바이러스	
10	0.0	0.0435	제기, 판정, 변이, 패혈증, 전파, 대구, 경우, 있다, 음성, 한타바이러스	
11	0.0	0.0435	제기, 판정, 변이, 패혈증, 전파, 대구, 경우, 있다, 음성, 한타바이러스	
12	1.0	0.4302	판매, 업체, 유통, 약국, 활용, 비누, 제기, 살균, 조작, 공적	공적 판매 마스크를 유통하는 업체와 판매하는 약국이 부당하게 많은 유통·판매 마진을 얻고 있다?  공적 마스크 가격에 대해서 조달청은 전국 2천300여개 약국에 유통하는 업체들이 100~200원의 유통마진을 얻고, 이를 판매하는 약국들이 400원의 판매마진을 얻고 있다고 밝힘. 판매 가격(1천500원)의 40%가 유통과 판매 마진이라는 사실이 알려지자 유통업체와 약국이 국가재난 상황을 기회로 지나치게 많은 이익을 얻고 있다는 지적이 제기됨. 유통업체와 약국이 공적 마스크의 유통과정에서 부당한 이익을 얻고 있는지를 유통 전문가들의 평가 등을 통해 검증함.
13	1.0	0.2251	판매, 업체, 유통, 약국, 활용, 비누, 제기, 살균, 조작, 공적	약국에서 공적 마스크를 구입하면 개인정보가 유출돼 선거 조작에 활용된다?마스크를 사려면 본인이 직접 약국을 방문해 주민등록증이나 운전면허증, 여권 등 공인신분증을 제시해야 한다. 약국에서는 중복구매를 막기 위해 구매자의 주민등록번호를 '마스크 중복구매 확인시스템'에 조회하도록 돼있다. 이런 정부의 조치를 겨냥한 악의적인 가짜뉴스가 유포되고 있다. 주민등록번호로 마스크를 구입하면 개인정보가 중국으로 흘러 들어가 선거 조작에 활용될 수 있다는 내용이다.
14	1.0	0.1638	판매, 업체, 유통, 약국, 활용, 비누, 제기, 살균, 조작, 공적	"정부가 마스크 공장 물량 다 가져가서 판매할 물량이 없다?""정부가 마스크 공장 물량 다 가져가서 판매할 물량이 없다""는 주장과 그 근거로 퍼진 '마스크 판매업체의 문자메시지, 홈쇼핑 답글' 내용의 사실여부."
15	1.0	0.15	판매, 업체, 유통, 약국, 활용, 비누, 제기, 살균, 조작, 공적	"""LED 자외선 살균기로 소독하면 마스크를 재활용할 수 있다.""코로나19 사태로 마스크 품귀 현상이 빚어지면서 온라인 공간에서 `마스크를 재활용하는 비법'으로 돌고 있는 글입니다. LED 자외선 살균기를 판매하는 인터넷 쇼핑몰에서도 관련 문구를 쉽게 발견할 수 있습니다.""효과가 있다""고 알려지면서 일부 쇼핑몰에선 관련 제품이 없어서 못 팔 정도로 LED 자외선 살균기를 이용한 방법이 인터넷 공간에서 떠오르고 있습니다.이 주장, 믿어도 될까요? 혹시라도 부작용은 없을까요?"
16	2.0	0.3266	다, 주장, 유행, 돌고, 걱정, 등장, 때, 댓글, 혐오, 시작	"""다문화가 늘어나자 각종 질병이 늘어난거다""중국 우한에서 시작된 신종 코로나바이러스의 발생지가 중국 전역뿐 아니라 주변 국가들로 확장되고 있다. 국내를 방문한 중국인 여성의 확진 소식에, 해묵은 루머도 등장했다. 국내 전염병 유행의 요인을 조선족이나 다문화 가정 탓으로 돌리는 것이다. 우한 폐렴과 관련된 뉴스 댓글이나 온라인 커뮤니티 등에는 “다문화 가정이 늘어나면서 전형적인 후진국 병인 결핵, 홍역, 머릿니 등이 늘어났다”는 주장이 등장했다. 비슷한 주장은 전염병이 유행할 때마다 등장한다.지난해 1월 홍역이 유행할 때도 “국내 체류 중인 외국인노동자들 때문에 홍역이 확산했다”는 주장이 활발히 공유됐다. 지난해 9월 아프리카 돼지열병이 발생했을 때는 전염병 원인을 이주민으로 돌리는 표현이 등장하기도 했다. 전염병에 대한 공포심이 다문화에 대한 혐오로 이어지는 것이다. 다문화가정 증가와 전염병 발병 사이에는 정말 연관이 있는 것일까?"
17	2.0	0.2853	다, 주장, 유행, 돌고, 걱정, 등장, 때, 댓글, 혐오, 시작	"인종적 특성으로 동양인이 코로나바이러스에 취약하다? ""현재 프랑스에는 유전적·인종적·체질적 이유로 동양인들만 코로나바이러스에 감염되고 있다는 소문이 돌기 시작했습니다. 현재 전 세계 확진자들이 정말 동양인뿐인지 확인할 수가 없네요. 팩트체크 제안합니다.""  최근 취재진에게 전달된 제보 내용이다. 파리에 사는 교민인 제보자는 코로나바이러스 확산이 동양인에 대한 회피와 혐오로 이어지고 있어 걱정된다는 말도 덧붙였다. BBC, 가디언 등 해외 언론들도 유럽과 캐나다 등지에서 아시아인에 대한 공포와 혐오가 줄을 잇고 있다는 점을 지적하고 있다. 프랑스 트위터에서는 #JeNeSuisPasUnVirus(저는 바이러스가 아닙니다) 해시태그 운동까지 벌어지고 있다. 영국 프리미어리그에서 활약하고 있는 손흥민 선수(토트넘)도 이런 혐오 정서에서 자유롭지 못했다. 지난 3일(한국시간) 열린 맨체스터시티와의 홈경기에서 승리의 쐐기골을 터뜨린 손흥민이 현지 매체와의 인터뷰에서 두 차례 기침을 하자 ""손흥민이 코로나바이러스 징후를 보이고 있다.""는 등의 악플이 대거 달리기도 했다.""동양인만 신종 코로나바이러스에 감염되고 있다.""는 주장은 불 붙은 혐오 정서에 부채질하는 꼴이다. 프랑스에서 돌고 있다는 이 주장이 정말 사실인지 따져봤다."
18	3.0	0.5643	관련, 시설, 관심, 보건소, 사태, 성동, 상대, 서울, 방문, 메르스	"""(임시시설 아닌 곳에) 음압시설 갖춘 선별 진료소, 성동보건소가 유일하다면서요""문재인 대통령은 5일 서울 성동보건소를 방문한 자리에서 ""음압시설을 갖춘 선별 진료소가 임시시설로 되지 않고 별도 건물로 구축돼 있는 것이 성동보건소가 유일하다면서요""라고 질문했다. 김경희 성동보건소장은 ""네, 그렇게 알고 있다""고 답변했다. 대통령이 '신종 코로나 바이러스 감염증' 대응과 관련해 서울의 특정 보건소를 방문한 것은 관심의 대상이다. 이날 방문 이후 각종 언론에서는 성동보건소가 음압시설을 갖춘 유일한 시설이라는 취지의 보도가 이어졌다. 서울 25개구 보건소 가운데 성동보건소의 우수성을 주목한 내용이다. 2015년 '중동호흡기증후군(MERSㆍ메르스)' 사태 당시에는 음압병실 부족에 어려움을 겪은 바 있다. 보건소 등에 마련된 선별 진료소 역시 컨테이너나 천막 등 임시시설인 관계로 진료 업무에 어려움이 많았다. 메르스 사태를 겪었음에도 서울 보건소는 시설 개선이 안 된 것일까. 성동보건소가 상대적으로 우수한 시설을 마련했다고 볼 수도 있지만 '유일하다'는 표현은 오해로 이어질 수 있는 대목이다. 음압시설을 갖춘 선별진료소가 성동보건소에만 있는지, 임시시설이 아닌 선별진료소 역시 성동보건소에만 있는지 사실관계를 확인했다."
19	4.0	0.2506	있다, 효과, 예방, 사실, 사용, 의, 충, 손소독, 긴급, 치료제	말라리아 치료제 클로로퀸, 코로나19 예방에 효과?유튜브 채널 가로세로연구소는 <간결한 출근길/어떤 의사의 “긴급 제보”, 문재앙 코로나 막을 방법 있다!!>(2/25)에서 항바이러스제와 함께 코로나19의 주된 치료제로 쓰이는 말라리아 치료제 ‘하이드록시클로로퀸’을 코로나19의 예방을 위해 조기 투여해야 한다고 주장했다. 이와는 별개로 SNS와 인터넷 게시판에 클로로퀸을 사전에 준비해 놓으라는 루머가 떠돌기도 했다. 실제로 병원가에는 해당 약품을 처방해 줄 수 없냐는 문의가 빗발치고, 인터넷에는 해당 의약품을 해외에서 대신 구매해준다는 직구 대행 서비스도 등장했다.
20	4.0	0.1687	있다, 효과, 예방, 사실, 사용, 의, 충, 손소독, 긴급, 치료제	손소독제, 코로나19 바이러스 박멸? 신종 코로나바이러스 국내 감염자 확산으로 손소독제 효능에 대한 소비자들의 관심이 높아졌음. 신종 바이러스인 만큼 기존 손소독제의 효과성에 대해 의견이 분분함.  많은 손소독제 업체들은 이번 코로나19에도 기존 손소독제가 효과가 있다고 보고 판매하고 있음. 심지어 ‘코로나19 바이러스 완전 박멸’을 홍보하는 곳도 나타남. 이 같은 주장이 사실인지 검증해보자 함.
21	4.0	0.1508	있다, 효과, 예방, 사실, 사용, 의, 충, 손소독, 긴급, 치료제	코로나19, 구충제로 억제할 수 있다'해외연구기관 실험 결과 코로나19를 구충제로 억제할 수 있으며 미리 복용을 해도 예방효과가 있다', '지인이 코로나19 의심환자였는데 구충제 복용 후 재검사하니 의심환자에서 제외됐다'는 댓글들이 있다. 이에 약국마다 구충제가 다 팔렸거나 품절인 상황이다.
22	4.0	0.1251	있다, 효과, 예방, 사실, 사용, 의, 충, 손소독, 긴급, 치료제	구충제 이버멕틴, 코로나19 치료제로 효과있다호주 모니쉬대학 생의학발견연구소의 카일리 왜그스태프 박사는 세포 배양된 코로나19 바이러스가 이버멕틴에 노출되자 48시간 안에 모든 유전물질이 소멸됐다는 실험 결과를 발표했다고 사이언스 데일리가 지난 4일 보도했다. 이에 미국 식품의약청(FDA)의 승인을 받아 안전성이 입증된 구충제 이버멕틴이 코로나19 바이러스 치료제로 사용할 수 있는지에 대한 관심이 높아짐
23	4.0	0.0804	있다, 효과, 예방, 사실, 사용, 의, 충, 손소독, 긴급, 치료제	양파로 신종 코로나 바이러스를 예방한다?일부 군부대에서 바이러스 예방책으로 양파를 준비했다는 제보가 들어왔다. 정말 효과가 있는 방법일까? Powered by Froala Editor
24	5.0	0.3844	폐, 치료, 폐렴, 섬유화, 백신, 회의, 방법, 손상, 일반, 이번	기재부와 제약회사 사장들이 코로나 관련 회의한 결과?'기획재정부와 제약회사 사장들이 회의한 내용'이라며 각종 온라인 게시판과 메신저로 빠르게 퍼졌다.(아래 원문 참조)이 회의가 열린 것이 사실인지, 내용은 어떻게 봐야할지 팩트체크했다.받) 코로나19 관련 오늘 기재부 주관 제약회사 사장들과의 회의 참석 후 내용 요약. 1. 현재 치료 약 없음. 환자는 산소를 불어넣는 치료를 하는데 폐 기능이 약한 사람은 방법이 없이 방치. 2. 치료가 되어도 일반 폐렴보다 폐 손상이 많아서 폐활량 손실이 엄청 크다. 3. 백신은 4월 경이 되어야 나올 것임. 4. 이 바이러스는 즉 바로 폐를 손상시킴. 5. 금년 4월까지 하나투어. 모두 투어를 제외한 나머지 여행사는 모두 부도. 해서 정부에 인건비 50% 보조 요청. 6. 이번 달 제주 여행 취소 98%. 7. 메르스는 일정 지역 여행만 자제가 되어 전 세계 관광에 부분적 영향. 이번 것은 전 세계 대상. 8. 우리나라는 4월이 peak 가 될 것임. 요점은 절대 걸리지 말 것. 치료되어도 완치가 아니고 폐 손상이 너무 심각.
25	5.0	0.2453	폐, 치료, 폐렴, 섬유화, 백신, 회의, 방법, 손상, 일반, 이번	"""신종 코로나 감염되면 반드시 폐섬유화 된다?"" 신종 코로나바이러스에 감염되면 폐섬유화로 직결돼 평생 폐 기능을 정상으로 회복할 수 없게 된다는 주장이 인터넷에서 퍼지고 있다. 폐섬유화(증)은 온몸에 산소를 공급하는 폐가 섬유화하면서 점차 딱딱해지고 기능이 떨어져 호흡곤란으로 사망에 이를 수 있는 질환이다. 아직 증명된 치료 방법도 없는 실정이다.5일 현재 일부 인터넷 카페에는 ""바이러스 폐렴은 후유증으로 폐의 섬유화를 반드시 만든다""거나 ""신종 코로나바이러스는 폐가 섬유화되어, 중증환자가 회복된다 하더라도 폐 기능은 회복되지 않는다""는 등의 글이 올라와 있다.  이는 사실일까?"
26	5.0	0.1917	폐, 치료, 폐렴, 섬유화, 백신, 회의, 방법, 손상, 일반, 이번	“코로나19에 걸렸다 나은 뒤에도 폐손상이 너무 심하다더라”'치료가 되어도 폐 섬유화가 심하고, 일반 폐렴보다 폐 손상이 많아서 폐활량 손실이 엄청 크다' '하얗게 변한 폐, 우한 코로나 치명적 폐 손상 확인' 신종 코로나바이러스(코로나19·SARS-CoV-2)에 관해 SNS 등을 통해 돌고 있는 소문 중 시민들이 가장 무섭게 느끼는 ‘카더라’입니다. 코로나19 유행 초기 일부 언론에서도 보도된 적도 있죠.
27	5.0	0.1874	폐, 치료, 폐렴, 섬유화, 백신, 회의, 방법, 손상, 일반, 이번	개인 소비자가 마스크 사재기해도 단속된다? 신종 코로나바이러스 확산으로 마스크 수요가 늘어나면서 정부가 매점매석 행위를 단속하겠다고 나섰다. 기획재정부가 관련 고시를 지난 5일부터 시행했는데, 매점매석 행위를 할 경우 2년 이하의 징역 또는 5천만 원 이하의 벌금을 물리도록 했다. 사업자 등록을 한 업체가 아닌 개인 소비자의 사재기도 단속 대상이 될 수 있을까? 마스크를 몇장까지 사야 단속을 면할 수 있을까? 이번 단속 관련 팩트를 짚어본다.
28	5.0	0.1062	폐, 치료, 폐렴, 섬유화, 백신, 회의, 방법, 손상, 일반, 이번	신천지 대구교회·청도대남병원 방문 신고 안한 교직원, 처벌 가능하다전북교육청은 지난 2월 24일 청도대남병원과 신천지 대구교회를 다녀온 교직원 가운데 신고하지 않은 자는  법령상 조치가 가능하다고 밝혔다. 실제  처벌이나 징계가 가능할까.
29	5.0	0.1024	폐, 치료, 폐렴, 섬유화, 백신, 회의, 방법, 손상, 일반, 이번	美의료진 60명, 주한미군 기지서 코로나19 백신 개발했다'미국이 한국에 백신을 개발할 의료진 60명을 급파했다', '미국에서 백신이 이미 개발됐다'…. 대략 일주일 전부터 모바일 단체 채팅방과 SNS, 각종 온라인 커뮤니티를 통해 빠르게 유포되고 있는 내용이다. FOX NEWS, 월스트리트저널(WSJ) 등이 언급돼 있다. 해당 내용이 정말 사실인지 따져봤다.
30	6.0	0.4124	미국, 한국, 진단, 자가, 논란, 키트, 여권, 뉴스, 현지, 승인	"복지부 '모바일 자가진단 앱'에 대해 ""여권 있는 사람들만 자가진단 한다?""""매우 좋은 앱이지만 여권이 없는 경우 어떻게 해야하나요?""보건복지부가 만든 '모바일 자가진단 앱'의 구글 플레이 스토어 리뷰에 작성된 글이다. 모바일 앱을 통해 코로나19 자가진단을 원한 한 이용자가 해당 앱을 다운로드 받았지만 여권 번호를 적어 넣도록 돼있자 의문을 제기한 것이다. 이밖에도 ""한국에만 있었는데 여권번호 없이는 할 수 없게 돼있다"" ""여권 있는 사람들만 자가진단 합니까?""라는 격한 반응을 보이는 리뷰도 있다. 자가진단에 여권번호가 필요할까."
31	6.0	0.3147	미국, 한국, 진단, 자가, 논란, 키트, 여권, 뉴스, 현지, 승인	“진단키트 美 FDA 사전 승인” 외교부 보도자료는 사실?“미국 현지시간 27일 국내 코로나19 진단키트 생산업체 3곳의 제품이 미국 식품의약국(FDA) 긴급사용승인(EUA) 절차상 사전승인을 획득해 해당 국산 제품은 미국 시장에서 판매가 가능하다.” 외교부가 28일 발표한 이 보도자료는 바로 다음날 ‘가짜뉴스’ 논란에 휩싸였다. ‘FDA에 사전승인 절차가 있느냐, FDA 허가 리스트에 국내 생산업체 이름이 없는데 수출이 가능한 게 맞느냐’와 같은 의문이 제기되면서다. 이에 대해 사실을 확인해봤다.
32	6.0	0.2349	미국, 한국, 진단, 자가, 논란, 키트, 여권, 뉴스, 현지, 승인	한국 진단 검사 부정확하다코로나19 진단키트를 두고 정확성에 의문이 제기돼왔다. 코로나19 ‘음성’ 판정을 받았던 환자가 추가 검사에서 ‘양성’이 나오는 등 검사 결과가 뒤바뀔 때마다 논란이 일었다. 미국 CDC의 진단키트와 한국의 진단키트가 비교되며 “미국이 사용하는 N유전자 검사가 최적의 방식이다” 등의 주장도 나오고 있다. 진단 키트를 둘러싼 논란을 따져봤다.
33	6.0	0.2333	미국, 한국, 진단, 자가, 논란, 키트, 여권, 뉴스, 현지, 승인	"""한국 코로나19 진단방식은 부적절하다""미국 공화당 소속 마크 그린 의원은 지난 11일, 12일 열린 연방 하원 관리개혁위원회의 '코로나 청문회'에서 ""한국의 진단방식이 미국보다 더 낫다는 얘기가 많습니다. 그런데 제가 FDA로부터 편지를 받았는데, '한국 진단방식은 부적절하다. 판매업자가 한국 것을 미국으로 들여와 팔려고 했으나 긴급사용승인도 내주지 못한다'고 FDA가 밝혔다""고 의문을 제기했다. 사실일까."
34	7.0	0.2868	우려, 보도, 일부, 기사, 언론, 쌀, 로, 가운데, 수출, 국내외	"""코로나19로 인한 쌀 부족이 우려된다""코로나19의 여파로 세계 주요 쌀 생산국인 인도와 베트남이 쌀 수출을 중단했다. 국제 쌀 가격도 3개월 연속 상승하는 등 오름세가 이어지고 있다. 이런 가운데 국내 쌀 수출 소식이 잇따라 나왔다. 일부 누리꾼들은 ""쌀 수출을 했다간 '제2의 마스크 대란'이 우려된다. 쌀도 사재기를 해야 한다""는 주장을 하고 있다. 코로나19로 인한 식량 부족을 우려하며 ""쌀이 부족한데 수출을 막아야 한다""는 의견을 내놓기도 했다. 이 같은 주장이 타당한지, 또 코로나19로 인한 국내 쌀 수급에 문제는 없는지 따져봤다."
35	7.0	0.1357	우려, 보도, 일부, 기사, 언론, 쌀, 로, 가운데, 수출, 국내외	'신종 코로나'로 휴업하면 직원 급여 안 줘도 된다? 신종 코로나바이러스 우려로 시민들도 사람들이 많이 모이는 쇼핑몰과 식당 등 방문을 자제하는 분위기이다. 이에 따른 매출 감소로 업주들의 피해 호소가 이어지고 있다. 신종 코로나로 매출이 줄었다면서 직원들을 강제로 퇴근시키거나 갑자기 무급 휴가를 주는 사례들이 속속 제보됐다. 특히 규모가 작은 사업장에서 유사한 사례가 많은 것으로 알려졌다. 과연 그래도 되는지, 근로기준법을 따져봤다.
36	7.0	0.1245	우려, 보도, 일부, 기사, 언론, 쌀, 로, 가운데, 수출, 국내외	코로나19 지폐로도 전염된다  사이드 나마키 이란 보건장관은 지폐와 동전이 코로나19 감염을 일으킨다며, 운송 시스템과 택시에서 지폐를 제거하고 대체 결제 시스템을 마련하겠다고 밝혔다. 외신과 국내 언론은 WHO가 지폐 사용을 경고했다는 보도도 내놓았다. 하지만, 며칠 후 일부 다른 외신은 WHO의 입장이 와전됐다는 보도를 내놓기도 했다. 지폐를 통한 코로나19 전염 가능성이 있는지, 있다면 어느 정도인지 확인했다.
37	7.0	0.1087	우려, 보도, 일부, 기사, 언론, 쌀, 로, 가운데, 수출, 국내외	신종 코로나로 인해 모든 군 장병 휴가 제한?신종코로나바이러스 감염증으로 인해 현재 모든 군 장병 휴가와 외출 등이 제한되고 있다는 주장Powered by Froala Editor
38	8.0	0.4268	후, 입국, 발생, 베이, 금지, 방문, 이, 나라, 한국당, 입	"""세계 어느 나라도 중국인 입국 금지를 하지 않았다.""신종 코로나 바이러스 감염증 확진 환자가 중국 전역에서 발생하면서 중국을 방문한 적이 있는 외국인에 대한 입국제한 조치를 놓고 정치권의 논쟁이 뜨겁다. 우리 정부는 4일 0시를 기해 신종 코로나 바이러스의 최초 발생지인 우한이 있는 중국 후베이성을 14일 이내 방문한 적이 있는 모든 외국인의 입국을 금지하고 있다. 자유한국당은 중국 방문 외국인에 대한 입국제한 기준을 후베이성이 아닌 전역으로 확대해야 한다는 입장인 반면, 더불어민주당은 입국제한 조치를 제한적으로 시행해야 한다고 주장하고 있다. 이런 갈등은 형사고발로도 이어졌다. 지난달 29일, 이재정 더불어민주당 대변인은 자유한국당을 향해 ""자유한국당은 우리 국민의 안전이 위협받는 상황에서도, 세계 어느 나라도 하지 않았고 세계보건기구조차 우려를 표한 입국 금지 등을 주장하며 국민의 불안감만 정쟁으로 활용하고 있다""며 비판했다.세계 각국의 중국인 입국금지 현황을 따져봤다. 이에 대해 자유한국당은 민주당의 해당 발언이 있던 시점에 이미 말레이시아, 몽골, 체코 등의 국가에서 입국금지 조치를 시행했다고 맞섰다. 이어 지난 4일에는 민주당 관계자를 허위사실 유포로 검찰에 고발했다."
39	8.0	0.2746	후, 입국, 발생, 베이, 금지, 방문, 이, 나라, 한국당, 입	중국발 입국 전면금지 하는 나라가 62개국이다? 한국 정부가 신종 코로나바이러스 감염증 최초 발생지인 우한(武漢)이 있는 중국 후베이(湖北)성을 14일 이내에 방문했거나 체류한 적 있는 모든 외국인의 입국을 금지하기로 한 가운데, 인터넷상에서는 논쟁이 이어지고 있다.  4일 현재 중국내 신종 코로나 감염 확진자의 3분의 1 정도는 후베이성 밖에서 나왔는데, 후베이성만 막는 것은 충분치 않다는 목소리가 적지 않은 것이다.  일부 인터넷 카페 등에는 미국, 싱가포르, 호주, 과테말라, 엘살바도르, 뉴질랜드, 필리핀, 이탈리아, 파키스탄, 러시아, 인도네시아, 베트남, 몽골, 북한, 체코 등 62개국이 중국발 항공기의 입국을 전면 차단하고 있으며, 후베이성 여행 외국인만 차단하는 나라는 한국 뿐이라는 내용의 표가 돌아다니고 있다.  이 표에는 한국의 경우 '후베이성에 가지 않았다'는 말만 하면 입국심사를 통과한다는 설명까지 붙었다.  이는 과연 사실일까?
40	8.0	0.1576	후, 입국, 발생, 베이, 금지, 방문, 이, 나라, 한국당, 입	"""후베이성 방문 뒤 입국한 3명 중 중국인 2명이 부산에서 연락두절 상태다""지난 4일부터 '중국 후베이성을 방문했다가 부산으로 입국해 신종 코로나바이러스 감염증 감시를 받아야 할 3명(한국인 1명, 중국인 2명)이 연락 두절된 것으로 알려졌다'는 보도가 나왔다. 특히 지난 5일에는 ""중국인 2명이 여전히 행방불명""이라는 언론보도가 이어졌다. 정확한 팩트 확인을 위해 부산시 당국에 확인해봤다."
41	8.0	0.142	후, 입국, 발생, 베이, 금지, 방문, 이, 나라, 한국당, 입	완치판정 기준 미흡해 코로나19 재확진자 발생했다.최근 신종 코로나바이러스(코로나19) 완치자의 퇴원 후 ‘재확진’ 사례가 빈번히 나오면서 “완치판정 기준이 미흡한 것 아니냐”는 지적이 나왔다. 국내 코로나19 완치판정 과정에 문제가 있다는 주장이 사실인지 살펴봤다.
42	8.0	0.1071	후, 입국, 발생, 베이, 금지, 방문, 이, 나라, 한국당, 입	코로나19로 내국인 입국금지 가능하다내국인 입국금지관련 댓글, 커뮤니티에서 발생한 논란중앙재난안전대책본부 기자단 브리핑 중에서 관련 발언
43	9.0	0.1947	사실, 팩트, 병원, 체크, 접촉, 소문, 뒤, 안, 목욕탕, 시민	신종 코로나, 목욕탕 물 통해서도 감염된다?전북에서도 신종 코로나바이러스 감염증 확진환자가 발생했다. 이 환자는 군산에 거주하는 A씨(62·여)로, 국내에선 여덟 번째, 도내에선 첫 번째로 확진판정을 받았다. A씨는 지난 23일 입국 후, 서울 큰아들 집에 이어 군산의 식당, 병원, 대형마트, 목욕탕, 국가격리병원 등을 방문했다. A씨가 여러 장소를 옮겨 다니면서 접촉한 시민은 74명이다.그러나 목욕탕에서 접촉한 시민은 포함되지 않았다. 질병관리본부의 역학조사가 끝나지 않았기 때문이다.도민들은 불안해하고 있다. 목욕탕 안에 있는 물을 통해서도 감염될 수 있다는 소문 때문이다. 목욕탕에서 얼굴을 담그거나 물을 눈에 묻힐 경우 눈 점막을 통해 전염이 될 수 있다는 것이다. 소문이 사실이라면 목욕탕이 다른 다중이용시설보다 코로나바이러스 감염확률이 높을 수도 있다.과연 그럴까. 전북일보가 팩트체크로 검증해봤다.
44	9.0	0.1134	사실, 팩트, 병원, 체크, 접촉, 소문, 뒤, 안, 목욕탕, 시민	일주일 뒤 국내 마스크 생산이 중단된다?신종 코로나와 관련한 팩트체크, 이어간다. 중국이 마스크 만들 재료를 싹쓸이해서 일주일 뒤면 국내 마스크 생산이 중단된다는 소문이 돌고 있다. 사실일까? Powered by Froala Editor
45	9.0	0.0881	사실, 팩트, 병원, 체크, 접촉, 소문, 뒤, 안, 목욕탕, 시민	대구에서 격리대상자 2명이 도망쳤다?대구의료원에서 격리대상자(확진지와 접촉자) 2명이 도망쳤다?
46	10.0	0.4739	소독, 거리, 방역, 사회, 소독약, 대표, 요청, 무기, 문자, 장면	"""길거리 방역 효과 없다""코로나19에 대한 공포감이 높아지고 대면 접촉이 어려워지자 총선 후보들이 약통을 메고 거리에 소독약을 뿌리고 있다. 자치단체장들은 지역 군부대와 협조해 화학부대를 동원해 거리 소독에 나섰다.박원순 서울시장은 지난달 24일 긴급 서울시 안전관리위원회를 개최하고 수도방위사령부의 협력을 요청했다. 이에 수도방위사령부는 제독차량12대와 병력 411명을 긴급 투입했다. 서울시는 “각 지자체의 요청이 들어오는 대로 다수의 인원이 모이는 장소를 중심으로 소독을 실시할 계획”이라고 밝혔다. 지난 4일 장병들은 은평구 일대에서 제독차 방역을 실시했다. 감염이 확산된 대구 경북은 물론 강원, 광주 등 전국 각지에서 군 제독차가 동원돼 거리 소독에 나섰다. 보수와 진보를 불문하고 선거철을 맞은 정치인들도 방역활동을 하러 거리로 나섰다. 황교안 미래통합당 대표는 지난달 25일부터 종로구 거리 방역에 나섰다. 약통을 둘러메고 분무기로 거리에 소독약을 뿌리며 유권자를 만나고 있다. 공중화장실에 소독약을 뿌리는 장면이 보도되기도 했지만 대부분은 거리에 약을 뿌리는 장면이다. 횡단보도를 건너면서 소독약을 뿌리기도 한다. 나경원 의원은 마스크를 코 밑에 걸친 채 길거리에 소독약을 뿌리는 장면이 보도됐다. 심상정 정의당 대표도 길거리에 소독약을 뿌리면서 방역활동을 하는 사진을 자신의 페이스북에 게재했다. 그런데 기사 댓글과 일부 온라인 커뮤니에서 길거리 소독은 방역 효과가 없다는 주장이 제기됐다."
47	10.0	0.213	소독, 거리, 방역, 사회, 소독약, 대표, 요청, 무기, 문자, 장면	"사회적 거리두기 그만해도 된다사회적 거리두기는 신종 코로나바이러스 확산 방지를 위한 가장 기본적인 지침이다. 그런데 이에 관해 색다른 주장이 제기됐다. 지난 13일 최재욱 고려대학교 의과대 예방의학과 교수가 YTN라디오 '노영희의 출발 새아침'에 출연해 ""사회적 거리두기는 계속 하면 지나치다""라고 말한 것이다. 소비 위축 등 경제사회적 부작용도 큰 사회적 거리두기, 정말 그만 해도 되는 것일까. 최 교수의 주장에 대해 자세히 살펴봤다."
48	10.0	0.1952	소독, 거리, 방역, 사회, 소독약, 대표, 요청, 무기, 문자, 장면	'락스 분무기' 안전하다？코로나19 불안감이 확산하면서 유튜브 등을 통해 자체 소독약 제조법이 퍼지고 있다. 대표적인 것이 락스를 사용한 제조법이다. 락스 희석액을 분무기에 담아 문고리, 마스크 등에 분사하면 바이러스가 죽는다는 설명이다. 최근에는 구리시청이 락스 분무기 제조법을 시민들에게 알리기도 했다.
49	10.0	0.1018	소독, 거리, 방역, 사회, 소독약, 대표, 요청, 무기, 문자, 장면	소독제 대기 중 분사, 코로나19 방역에 효과 있다?분사형 소독제가 대기 중의 신종 코로나바이러스를 살균할 수 있다는 이야기가 SNS상에 돌고 있다. 실제로 일부 소상공인들이 ‘대기 중에 퍼져있을 코로나바이러스를 소독하기 위한 목적’이라며 분사형 소독제를 구입하거나 사용하고 있다.
50	10.0	0.0897	소독, 거리, 방역, 사회, 소독약, 대표, 요청, 무기, 문자, 장면	신종 코로나바이러스는 우한 수산시장에서 판매된 야생동물에서 유래됐다중국 질병예방통제센터는 지난 27일 공식사이트에서 신종 코로나바이러스가 우한 수산물 시장에서 판매된 야생동물에서 유래됐다고 밝혔다.이에 대한 사실 여부를 검증한다.Powered by Froala Editor
51	11.0	0.3482	확산, 지역, 세계, 서비스, 최근, 중단, 공기, 불안감, 기지국, 감염자	5G 네트워크가 코로나 전파한다신종 코로나바이러스 감염증(코로나19)이 5G(5세대 이동통신)를 타고 확산한다'는 황당한 주장이 서방을 중심으로 퍼졌다. 전 세계에서 코로나19가 전파된 지역이 5G 서비스 출시 지역과 일치한다는 식의 주장이다. 코로나19가 크게 확산한 지역에는 5G 기지국이 있고 5G 기지국이 없는 곳에는 코로나19의 발병이 미미했다는 것이다. 유튜브에는 코로나19 확산 지역과 5G 서비스 지역을 비교한 세계지도를 소개하는 동영상이 등장했고 국내 블로거 중에도 동조하는 이들이 나타났다. 국내 한 블로거는 '이탈리아는 5G 기지국 밀집지역. 무선주파수가 사람을 죽이고 있다', '5G와 AI(인공지능), 모든 것을 연결한다. 크루즈선에도 5G가 설치. 확진자 발생 원인'이라는 등의 글을 올리며 정부에 5G 서비스를 중단할 것을 촉구하기도 했다. 영국에서는 최근 일부 무선통신 기지국을 겨냥한 방화 사건이 발생하기도 했다.
52	11.0	0.2307	확산, 지역, 세계, 서비스, 최근, 중단, 공기, 불안감, 기지국, 감염자	"""코로나 때문에 싱가포르에서 그랩 서비스 중단""2월 9일 오전, <헤럴드경제>가 ""中폭스바겐 공장가동 연기, 싱가포르 그랩은 서비스 중단""이라는 제목의 보도를 내놨다. <헤럴드경제>는 이 기사에서 ""'동남아시아의 우버'라고 불리는 차량공유서비스 '그랩'은 싱가포르에서 당분간 서비스를 중단키로 했다. 신종코로나 확진자가 40명에 달해 우려가 고조된 영향이다""라고 전했다. 사실일까."
53	11.0	0.0939	확산, 지역, 세계, 서비스, 최근, 중단, 공기, 불안감, 기지국, 감염자	"""의약계가 코로나19 변이에 따른 2차 파동 우려하고 있다.""한균희 연세대 약학대학장이 지난 15일 하신 말씀이라며 의약계가 코로나 2차 파동을 우려하고 있다는 글이 퍼졌다. 우리나라 코로나19는 S형인데 이탈리아에서는 감염력이 4배 강한 변이가 발생했다며 감기도 조심해야 한다는 내용까지 담고 있다. 사실인지 확인했다."
54	12.0	0.2702	주장, 영상, 해당, 사람, 공유, 정보, 유튜브, 근거, 임상, 사진	"""평택 수건 가게에서 방역복을 입은 사람들이 환자를 부축했다"" 신종 코로나바이러스와 관련해 조작된 정보나 근거 없는 주장들이 빠르게 유포되고 있다. 심지어 평택의 한 수건가게에서 방역복을 입은 사람들이 환자를 부축했다는 주장이 제기됐다. 해당 주장과 함께 올라온 사진의 진위를 따져봤다. Powered by Froala Editor"
55	12.0	0.2516	주장, 영상, 해당, 사람, 공유, 정보, 유튜브, 근거, 임상, 사진	정부가 임상정보 틀어쥐고 전문가들에게 공유 안 한다3월 20일 대한의사협회가 정부에 임상정보 공유를 촉구하는 기자회견을 했습니다. 해당 기자회견에서 나온 발언을 근거로 3월 24일 유튜브 채널 가로세로연구소에서는 정부가 임상정보를 틀어쥐고 일선 병원에 공유하지 않는다고 주장했습니다. 중앙임상위원회를 소수의 이너서클로 표현하기도 했습니다. 이 영상은 인터넷 커뮤니티를 중심으로 퍼져나갔습니다. 임상정보 공유를 둘러싼 주장이 사실인지 검증했습니다.
56	12.0	0.1715	주장, 영상, 해당, 사람, 공유, 정보, 유튜브, 근거, 임상, 사진	"""동대구역에서 신종 코로나 감염 환자가 방역복을 입은 사람들을 피해 도주 중이다"" 신종 코로나 바이러스와 관련해 조작된 정보나 근거 없는 주장들이 빠르게 유포되고 있다. 동대구역에서 방역복을 입은 사람들이 신종 코로나 바이러스 감염 환자를 추격하고 있다는 주장도 제기됐다. 해당 주장과 함께 올라온 사진의 진위를 따져봤다. Powered by Froala Editor"
57	12.0	0.1405	주장, 영상, 해당, 사람, 공유, 정보, 유튜브, 근거, 임상, 사진	신종 코로나바이러스는 에이즈를 일으키는 HIV와 유사하다1월 31일 인도 대학교 연구진은 'Uncanny similarity of unique inserts in the 2019-nCoV spike protein to HIV-1 gp120 and Gag'이라는 보고서를 바이오아카이브 사이트에 게재했다. 보고서 요지는 신종 코로나 바이러스의 유전자와 HIV가 유사하다는 내용이다. 해당 보고서는 이틀 뒤 저자에 의해 철회됐다.
58	12.0	0.1319	주장, 영상, 해당, 사람, 공유, 정보, 유튜브, 근거, 임상, 사진	'갑자기 고꾸라지는 감염자' 영상, 사실이다?신종 코로나바이러스에 불안한 사람들을 더욱 걱정하게 만드는 영상들이 요즘 인터넷에 계속 올라오고 있다. 신종 코로나 감염자가 고꾸라지는 영상, 눈을 마주치는 것만으로 바이러스가 전파된다는 영상, 중국인이 박쥐를 먹는 영상, 이렇게 떠도는 영상들이 사실일까? 공포를 조장하는 영상의 출처가 어딘지, 또 어떻게 퍼진 건지 알아봤다.  Powered by Froala Editor
59	12.0	0.1166	주장, 영상, 해당, 사람, 공유, 정보, 유튜브, 근거, 임상, 사진	A형이 코로나19에 가장 취약하고 O형이 상대적으로 강하다‘A형 친구들 특히 손 잘 씻자...’, ‘중국 연구진 “혈액형 O형이 코로나19에 상대적 내성 강한 듯”’ 혈액형과 코로나19 감염의 상관관계에 대한 내용이 각종 SNS에서 빠르게 확산됐다. 일부 언론들도 같은 내용의 기사를 내보냈다. 어떤 언론사 홈페이지에선 해당 기사가 인기 기사 1위를 차지하기도 했다. 혈액형에 따라 코로나19 바이러스 감염 위험이 달라지는지 확인해보고, 해당 내용의 유포 과정을 짚어봤다.
60	12.0	0.1154	주장, 영상, 해당, 사람, 공유, 정보, 유튜브, 근거, 임상, 사진	"""미국인들이 코로나19 치료비 없어 극단적 선택"" ? -최근 국내외 SNS에서는 코로나19에 걸린 미국인들이 치료비가 없어서 바다에 뛰어들어 숨진 채 발견됐다는 영상이 확산됐는데, SNS에 유포된 영상을 바탕으로 검증해보겠습니다"
61	13.0	0.2065	바이러스, 도, 위생, 생존, 발표, 트위터, 연기, 습도, 온도, 맥주	코로나 바이러스는 기온이 올라가는 봄이 되면 사라진다?코로나바이러스의 유행으로 지자체와 산업계는 행사를 취소하거나 연기하는 등 확산 방지에 총력을 기울이고 있다. 대학가 역시 졸업식, 입학식 등의 행사를 취소하고 잇따라 개강을 연기하고 있다. 국내외 내수 부진으로 인한 경기 침체까지 우려되는 상황이다 보니 ‘신종 코로나’ 사태가 언제 마무리될지가 초미의 관심사다. 일각에서는 “신종 코로나 바이러스는 날씨가 따뜻해지면 사라질 것”이라는 주장도 나오고 있다. 온도와 습도에 약한 바이러스의 특성상 봄이 돼서 기온이 오르면 신종 코로나 바이러스도 수그러들 것이라는 설명이다. 반면 “메르스나 신종 인플루엔자는 날씨가 따뜻한 봄, 여름에 환자가 유행했다”는 반박도 나온다. 신종 코로나 바이러스는 기온과 습도 증가에 영향을 받을까?
62	13.0	0.2029	바이러스, 도, 위생, 생존, 발표, 트위터, 연기, 습도, 온도, 맥주	"신종 코로나, 일반 대기를 통해 전염되는 '공기감염병'이다?""온도 20도, 습도 40%인 적정 환경에서 신종 코로나바이러스는 최대 5일까지 생존할 수 있다""지난 4일 중국 국가위생건강위원회 전문가팀 장룽멍(蔣榮猛) 주임의 발표 내용이다. 장 주임은 ""신종 코로나바이러스가 적정한 환경에서는 수일간 생존할 수 있다""며 이같이 말했다.해당 발언을 접한 SNS(트위터), 유튜브, 커뮤니티 등 온라인 이용자들 사이에서는 ""신종 코로나바이러스, 공기 중에서 5일 동안 생존한다는데 공기감염병인 것 아니냐""는 소문이 퍼지고 있다.이러한 소문은 사실일까?"
63	13.0	0.1473	바이러스, 도, 위생, 생존, 발표, 트위터, 연기, 습도, 온도, 맥주	"""춘해보건대 김희진 총장입니다. 헤어드라이어를 쐬어주면 바이러스가 죽습니다""인터넷 유통 글 내용. ""춘해보건대 김희진 총장입니다 저도 가정의학과 전문의인데요 음 코로나 바이러스 걱정 되시지요?제가 확실하고 간단한 소독법을 알려드리겠습니다 코로나바이러스는 열에 가장 약합니다.온도가 30도만 되어도 활동이 많이 약해지거나 죽습니다. 따라서 어느집에나 있는 헤어드라이기를 사용 하세요. 헤어드라이기는 온도가 70도나 80도 까지 올라갑니다.외출후 신경쓰이는 옷이나 물품을 모두 헤어드라이기로 샤워시키세요. 마스크나 목도리 등 모두요. 그리고 걱정 걱정마세요 바이러스가 모두 죽었으니까요.지금 당장 실행하셔도 도움이 될듯 합니다 ^^"""
64	13.0	0.1353	바이러스, 도, 위생, 생존, 발표, 트위터, 연기, 습도, 온도, 맥주	코로나바이러스 섭씨 60도에서 한 시간 가열해도 살아남는다신종 코로나바이러스(코로나19)가 영상 60도에 1시간 이상 노출돼도 생존이 가능하다는 프랑스 연구진의 논문이 발표돼 ‘팬더믹(대유행) 장기화’ 우려가 커지고 있다. 코로나 바이러스는 정말 60도가 넘는 고온에도 살아남을까.
65	13.0	0.1147	바이러스, 도, 위생, 생존, 발표, 트위터, 연기, 습도, 온도, 맥주	"""코로나 맥주회사가 바이러스 질문 좀 그만하라고 욕했다""""코로나 맥주회사에서도 바이러스에 관한 질문 좀 그만하라고 욕까지 하지 않습니까.^^ 지금 맥주 회사랑 한 판 붙어보자는 건가요?"" 민경욱 자유한국당 의원이 28일 페이스북에 이와 같은 글을 올리면서 코로나 맥주 공식 트위터 계정의 트윗처럼 보이는 이미지를 첨부했다. 이미지에는 ""Everyone stop f**king asking us about the virus"" 라는 문구가 적혀 있었다. 사실인지 검증해봤다."
66	13.0	0.1119	바이러스, 도, 위생, 생존, 발표, 트위터, 연기, 습도, 온도, 맥주	"공중화장실 비누로 바이러스 전파 가능하다""비누로 30초 이상 손을 꼼꼼하게 씻는다."" 코로나19 감염을 막는 가장 기본적인 위생 수칙이다.  그런데 트위터와 인터넷 커뮤니티에서는 공중화장실 등에서 공동으로 사용하는 고체 비누가 바이러스 확산의 매개체가 될 수 있다는 글이 오래 전부터 올라오고 있다. 감염자가 사용한 비누에는 바이러스가 묻기 때문에, 그 비누를 다시 쓰면 오히려 코로나19에 걸릴 수 있다는 얘기다."
67	13.0	0.0985	바이러스, 도, 위생, 생존, 발표, 트위터, 연기, 습도, 온도, 맥주	"""일본 체류중인 다이아몬드 프린세스호가 부산항으로 입항한다?""7일 새롭게 41명의 신종 코로나바이러스 감염증 확진자가 발생해 확진자가 총 61명이 된 '다이아몬드 프린세스 크루즈'에 대한 관심이 뜨겁다. 현재 이 배는 요코하마항에 있다. 인터넷 이용자들 사이에서 '이 배가 부산항으로 올 수도 있다' 등의 주장이 제기되고 있다. 또한 SNU팩트체크센터에도 같은 내용의 팩트체크 요청이 인입됐다. 부산시 당국에 대한 취재를 통해 사실확인을 해봤다."
68	14.0	0.2319	감염, 환자, 증상, 사례, 눈, 이후, 진료, 제보, 발열, 강제	신종 코로나바이러스, 눈을 바라만 봐도 감염된다지난 1월 22일 신종 코로나바이러스 환자를 진료했던 중국 의사가 자신의 SNS에 ’보호 안경을 쓰지 않아 자신도 감염된 것으로 추측된다‘는 글을 게시했다. “환자를 진료할 때 마스크는 착용했지만, 보호 안경을 쓰지 않았다. 이후 결막염이 걸렸고, 2~3시간 후 증상이 발생했다”는 내용이었다. 해당 글은 누리꾼들 사이에 빠르게 퍼졌고, '환자의 눈만 봐도 감염이 된다'는 소문이 돌기 시작했다. 신종 코로나바이러스는 환자의 눈을 보기만 해도 감염되는지 확인했다.Powered by Froala Editor
69	14.0	0.1961	감염, 환자, 증상, 사례, 눈, 이후, 진료, 제보, 발열, 강제	코로나19 접촉자 증상 없어도 강제 조사 가능하다지난달 코로나19 확진자 A씨의 여자친구인 B씨가 병원 검사를 거부하는 일이 일어났다. 전라북도는 B씨를 밀접접촉자로 보고 검사를 권유했지만, B씨는 발열이나 기침, 인후통 등 관련증상이 없다며 거부했다. 전라북도는 검사를 강제할 수 있는 권한이 없다며 곤혹스러워했다. 이 소식을 접한 전주 시민들도 불안해했다. B씨가 코로나 19 무증상 감염자이거나 잠복기 의심환자 일 수 있기 때문이다. B씨에게 강제로 검사할 수 있는 법적 권한은 없는 것일까?
70	14.0	0.1855	감염, 환자, 증상, 사례, 눈, 이후, 진료, 제보, 발열, 강제	"(코로나 19를) 중국인 여행자가 국내에 감염시킨 사례보다 중국에서 들어온 우리 국민이 감염시킨 사례가 더 많았다코로나19 감염환자 중 감염경로가 명확히 확인된 환자들의 주 감염원인이 우리 국민 인지, 아니면 국내에 입국한 중국인 인지 여부와 함께 박능후 보건복지부 장관의  ""중국인 여행자가 국내에 감염시킨 사례보다 중국에서 들어온 우리 국민이 감염시킨 사례가 더 많았다""는 발언의 타당성을 검증"
71	14.0	0.1689	감염, 환자, 증상, 사례, 눈, 이후, 진료, 제보, 발열, 강제	10초 이상 숨을 참고, 불편함 없으면 코로나19 감염안된것?'10초 숨참기'가 코로나19 자가진단법이라며 퍼지고 있는 글을 팩트체크했습니다.(아래 전문)★의사인 제 친구가 보내 준 코로나 자가진단법입니다★코로나19는 감염 증상이 몇일동안 보이지 않을 수도 있어 자신이 감염이 되었다는 사실을 알기 어렵습니다. 기침, 열과 같은 증상이 보여 병원에 갔을 때는 폐의 50%가 이미 섬유증이라  증상이 나타나고 병원에 가면 늦다는 것입니다.대만 전문가들은 매일 아침 스스로 할 수 있는 간단 진료법을 제시했습니다.숨을 깊이 들이쉬고 10초 이상 숨을 참으세요. 기침, 불편함, 답답함 없이 완료  하신다면 폐에 섬유증이 없다는 뜻으로 감염되지 않았다는 것입니다.현 상황에서는 좋은 공기에서 매일 아침 자기 진료를 해주세요.
72	14.0	0.1409	감염, 환자, 증상, 사례, 눈, 이후, 진료, 제보, 발열, 강제	발열 증세가 있는 중국동포가 진료를 기다리다가 도망을 갔다?신종 코로나 바이러스 팩트체크 이어간다. 충남의 한 의사회에서 보낸 문자가 돌고 있다. '발열 증세가 있는 중국 동포가 진료를 기다리다가 도망을 갔다'는데, 사실일까? Powered by Froala Editor
73	14.0	0.1006	감염, 환자, 증상, 사례, 눈, 이후, 진료, 제보, 발열, 강제	“공중화장실, 신종 코로나바이러스 위험지대” 신종 코로나바이러스가 확산하면서 감염 경로에 관한 논란도 잇따르고 있다. 홍콩 매체 명보(明報)는 최근 중국 네이멍구(內蒙古) 자치구에서 신종 코로나바이러스 확진자의 윗집 거주자가 감염됐다며, 화장실이 새로운 바이러스 확산 경로일 가능성을 언급했다. 이후 국내외 언론과 인터넷 등을 통해 기존 비말(침방울)에 의한 ‘호흡기 감염’ 이외에 ‘분변-손-음식-입’으로 이어지는 ‘소화기 감염’ 우려가 쏟아졌고, 불안감은 더욱 커졌다.
74	14.0	0.0933	감염, 환자, 증상, 사례, 눈, 이후, 진료, 제보, 발열, 강제	날짜별 코로나19 감염 증상이 있다국내외 SNS와 유튜브 등에 코로나19에 감염된 뒤 1일째부터 9일째까지 새롭게 나타나는 증상이 있다는 글이 유포돼 사실인지 확인해 봤다.
75	15.0	0.3689	마스크, 부족, 사재기, 게, 타이완, 주장, 현장, 가격, 의료, 일주일	"""중국에 마스크 보내느라 정작 우리는 의료현장에도 마스크가 부족하다” 안철수 전 의원은 지난 7일 자신의 페이스북에 ""중국에 마스크 보내느라 정작 우리는 의료현장에도 마스크가 부족하다""고 주장했다. '신종 코로나 바이러스 감염증(우한폐렴)' 사태 이후 마스크는 관심의 초점으로 떠올랐다. 주요 쇼핑몰에서 많이 팔리는 제품인 KF94 마스크 가격은 신종 코로나 사태 이전보다 뛰었다. 주요 쇼핑몰에서 KF94 마스크를 대량으로 저렴한 가격에 구입하는 게 어려워졌다. 국민의 불안 심리가 이어지는 상황에서 의료현장에 마스크가 부족하다는 주장은 주목해야 할 메시지다. 그 주장이 사실이라면 국민의 불안심리를 더욱 부추길 수 있기 때문이다. 게다가 의료현장의 부족 원인이 중국에 마스크를 보냈기 때문이라는 주장은 논란의 불씨가 될 수 있다. 중국에 마스크를 보내느라 의료현장에도 마스크가 부족하다는 주장이 사실인지 정부 기관과 의료단체 등을 통해 확인해봤다."
76	15.0	0.3386	마스크, 부족, 사재기, 게, 타이완, 주장, 현장, 가격, 의료, 일주일	"중국인 마스크 사재기 막으려고 마스크에 타이완기 그려넣었다? 신종 코로나 바이러스에 대한 우려로 마스크를 찾는 사람들이 많다. 가격이 오른데다 구하기도 어렵다는 불만도 나온다. 그 원인 중의 하나로 지목되는 게 바로 '중국인 사재기'이다. 인터넷 커뮤니티에는 '어떤 중국인이 마스크를 대량으로 구매하더라'하는 목격담이 가득하다. 중국인의 마스크 사재기를 막아야 한다는 목소리도 높다. 일본에서도 같은 일이 벌어지고 있다. 텅빈 마스크 매대 사진들이 속속 올라오고, 한 중국인이 히로시마에서 1만 3천 장의 마스크를 산 것까지 확인되면서 일본인들의 반감도 커지고 있다. 그런데 비슷한 시기에 우리나라와 일본의 SNS에 한 타이완 업체의 마스크 사진이 올라오기 시작했다. ""타이완이 중국의 마스크 사재기를 막는 방법""이란 제목의 게시물이다. 마스크 앞면에는 타이완의 국기인 청천백일기가 그려져 있다. 중국은 '하나의 중국' 원칙으로 타이완을 다른 국가로 인정하지 않는다. 그러니 중국인들이 타이완의 국기가 그려진 마스크를 살 리가 없다는 것이다. 몇몇 언론에서도 '타이완이 내놓은 마스크'라고 소개가 됐다. 이들의 주장대로 타이완의 업체가 중국인 마스크 사재기를 방지하기 위해 내놓은 것일까?"
77	15.0	0.1919	마스크, 부족, 사재기, 게, 타이완, 주장, 현장, 가격, 의료, 일주일	"""일본 정부는 일본 내 가구당 40장씩 마스크를 무료 배포한다?""'일본은 가구당 40장씩 마스크 무료 배포한다?', '일주일에 2장 사려고 줄 서야 하는 우리나라와 비교된다?' 주말 사이 이런 글이 퍼졌습니다. 어디서 비롯된 이야기인지, 또 맞는 내용이긴 한 건지, 확인해봤습니다."
78	15.0	0.1635	마스크, 부족, 사재기, 게, 타이완, 주장, 현장, 가격, 의료, 일주일	"정부가 마스크를 세금으로 구입해 중국에 퍼준다? 신종 코로나 바이러스 감염증으로 마스크 수요가 급증하고, 중국 상인들의 사재기 의혹까지 확산되면서 마스크가 논란의 중심에 섰다. 가뜩이나 부족한 마스크를 정부가 세금으로 구입해 중국에 제공하냐는 것이다. 김순례 자유한국당 의원은 3일 국회 최고위원회의에서 ""정부는 국민을 조롱하는 듯 중국에 수백만장의 마스크와 위생용품을 원조한다고 발표했다. 정작 국내에서는 수량이 부족하다.""고 말했다. 이와 같은 주장이 사실인지 따져봤다. Powered by Froala Editor"
79	15.0	0.1515	마스크, 부족, 사재기, 게, 타이완, 주장, 현장, 가격, 의료, 일주일	일회용 마스크, 일주일 써도 된다? 신종코로나 바이러스 우려로 마스크를 찾는 사람들이 많아졌다. 그러다보니 제품이 품절되거나 가격이 오르는 일도 늘어나면서 '마스크 재사용'에 대한 관심도 높아지고 있다. 일부에선 모양이 훼손되지만 않았다면 일회용 마스크를 여러 번, 일주일 이상까지 사용해도 된다고 주장한다. 정말 그래도 괜찮은 것인지 따져봤다.
80	15.0	0.1508	마스크, 부족, 사재기, 게, 타이완, 주장, 현장, 가격, 의료, 일주일	"""일상생활에서 ‘N95 마스크’가 코로나19 예방에 더 유리하다""신종 코로나바이러스감염증(코로나19) 문제가 사회적인 관심사로 떠오르면서 감염 예방을 위한 마스크 착용은 핵심 관심사 중 하나이다. 일반적으로 KF94와 KF80 마스크를 많이 쓰는데 주로 의료진들이 사용하는 N95에 대한 관심도 적지 않다. 상대적으로 가격은 더 비싸지만 일반인들이 N95를 쓰는 게 더 유리한지가 관심의 초점이다. 각종 인터넷 커뮤니티와 SNS에서는 더 좋은 효과의 마스크를 둘러싼 다양한 견해가 쏟아지고 있다. N95는 일반인들이 일상생활을 하는데 큰 문제가 없는 마스크일까, 더 높은 미세물질 차단율을 지닌 마스크를 쓰는 게 코로나19 감염 예방에 더 도움이 될까. 질병관리본부와 대한의사협회 등 관계 전문기관들의 견해를 토대로 사실 관계를 확인해봤다."
81	15.0	0.1246	마스크, 부족, 사재기, 게, 타이완, 주장, 현장, 가격, 의료, 일주일	"""종이행주 마스크, 신종 코로나바이러스 감염 방지 효과 있다.""신종 코로나바이러스가 확산하며 마스크 품귀현상이 나타났다. 마스크를 구하기도 어렵고 가격도 오르며 소셜미디어(SNS)에서는 종이행주, 고무줄과 스테이플러를 이용해 마스크를 만드는 영상이 인기를 끌고 있다. 제주도의 한 봉사단체는 종이행주 마스크 10만 개를 만들어 배포하기도 했다. 종이행주 마스크가 신종 코로나바이러스 예방에 효과가 있을지 확인했다."
82	15.0	0.1091	마스크, 부족, 사재기, 게, 타이완, 주장, 현장, 가격, 의료, 일주일	"""소금물에 담갔다 말리면 마스크 재활용 가능""마스크 수급이 계속 차질을 빚으면서 마스크 재활용에 대한 관심이 고조되고 있음. 온라인 공간에서 각종 재활용 팁이 돌고 있는 가운데 최근엔 ""소금물에 담갔다 말려서 쓰면 세균과 바이러스가 제거돼 마스크를 재활용할 수 있다""는 주장이 상대적으로 주목받아."
83	15.0	0.1035	마스크, 부족, 사재기, 게, 타이완, 주장, 현장, 가격, 의료, 일주일	머리카락이 신종 코로나 바이러스를 옮긴다?최근 온라인에선 삭발한 중국 간호사의 사진이 돌아다니고 있다. 머리카락이 신종 코로나 바이러스를 옮기기 때문에 삭발했다는 건데, 과연 사실일까?Powered by Froala Editor
84	15.0	0.0818	마스크, 부족, 사재기, 게, 타이완, 주장, 현장, 가격, 의료, 일주일	중국 웨이하이시가 보낸 마스크는 불량이다?웨이하이시가 이번에 인천시에 보낸 마스크가 부적합 판정을 받았다는 주장이 나오고 있다. 사실일까?
85	16.0	0.3339	손, 검사, 말, 시간, 이상, 주간, 건조기, 일간, 수치, 중심	"미국 8일간 코로나 검사 건수, 한국 8주 건수보다 많다데보라 벅스 백악관 코로나19 대응 조정관은 24일(현지시간) 폭스뉴스와 가진 화상 타운홀 미팅 형식의 인터뷰에서 ""아마도 오늘까지 미국이 지난 8일간, 한국이 8주간 진행한 것보다 더 많은 검사를 했다""며 ""이는 우리가 검사 과정을 바꿨기 때문""이라고 말했다.  벅스 조정관은 그로부터 몇시간 후 진행된 코로나19 TF의 백악관 브리핑에서 ""우리는 그동안 37만건의 검사를 했으며 이 가운데 다수인 22만건 이상이 지난 8일간에 이뤄졌다""며 이는 한국이 8주간 실시한 수치에 맞먹는 것이라고 밝혔다.  지난 8일간 미국의 신종 코로나바이러스 감염증(코로나19) 검사 실적이 한국의 8주간 수치를 넘어섰다는 백악관 당국자의 말은 사실일까?  연합뉴스 팩트체크팀이 확인해봤다."
86	16.0	0.2136	손, 검사, 말, 시간, 이상, 주간, 건조기, 일간, 수치, 중심	자외선·손 건조기, 바이러스 살균효과 있다? 신종 코로나바이러스 감염증 예방수칙 가운데 보건 당국이 가장 강조하는 것은 '손 씻기'이다. 손을 제대로 씻으려면 비누 등 세정제로 30초 이상 꼼꼼히 문지른 뒤 흐르는 물을 활용해야 한다는 손씻기 지침까지 홍보할 정도이다. 일부 온라인에서는 손을 씻고 잘 말리지 않으면 손이 축축해 바이러스가 더 번식할 수 있다면서 신종 코로나바이러스 감염증을 예방하기 위해선 '핸드 드라이어(손 건조기)'를 이용해 건조해야 한다는 글이 올라오기도 한다.  심지어 일부 건조기 판매 업체는 화장실에 손 건조기가 설치되지 않은 식당은 가지 말라는 글까지 올리고 있다.해외에서도 '손 건조기에 30초 동안 손을 말리면 신종 코로나바이러스를 죽이는 데 효과가 있다'는 주장이 제기되고 있다. 정확한 근거는 제시하고 있지 않지만, 코로나바이러스가 고온에 잘 살아남지 못한다는 분석을 확대 해석한 것으로 보인다.실제로 2010년 3월, 노스캐롤라이나 대학교 연구팀들은 〈코로나바이러스의 생존에 온도와 상대습도가 미치는 영향(Effects of Air Temperature and Relative Humidity on Corona virus Survival on Surfaces)〉이라는 논문에서 '온도와 습도가 높을수록 코로나바이러스의 생존 시간이 급격히 짧아졌다'는 연구 결과를 내놓기도 했다.그렇다면 과연 손 건조기가 신종 코로나바이러스를 없애는 데 효과가 있을까?
87	16.0	0.143	손, 검사, 말, 시간, 이상, 주간, 건조기, 일간, 수치, 중심	"""정부가 확진자 수 줄이기 위해 검사 대상을 축소·조작한다""지난 28일, 격리해제 수가 치료 중인 확진자를 넘어서는 이른바 ‘골든크로스’가 일어났다. 이후 이런 수치상 결과를 두고 문재인 정부가 총선 등을 앞두고 의도적으로 조작한 것이라는 말이 유튜브 등을 중심으로 떠돌았다. 구독자 19만여 명의 유튜버, 현직 의사 등이 의혹을 제기해 더욱 논란이 되고 있다. 수치 조작 의혹, 과연 사실일까?"
88	16.0	0.1212	손, 검사, 말, 시간, 이상, 주간, 건조기, 일간, 수치, 중심	"""코로나19는 전국의 유동인구를 감소시켰다""코로나19 사태 이후 유동인구가 확 줄어들었다는 보도가 많습니다. 하지만 대부분의 기사는 현장에 나간 기자의 눈으로 보는 스케치성 기사입니다. 손님이 얼마나 줄었는지 하소연과 눈으로 볼 수 있는 체감 외에는 객관적인 수치가 제시된 적이 거의 없습니다. 이에 빅데이터를 분석해서 코로나19사태 이후 전국의 유동인구가 준 것이 맞는지, 줄었다면 얼마나 줄었는지 사실을 확인해 보겠습니다."
89	16.0	0.0927	손, 검사, 말, 시간, 이상, 주간, 건조기, 일간, 수치, 중심	손 소독제 알코올 성분, 임산부에게 해롭다? 신종 코로나바이러스가 기승을 부리면서 개인위생에 대한 관심도 높아지고 있다. 개인위생의 첫 걸음으로 손을 청결하게 하기 위해 손 소독제가 많이 쓰이고 있다. 그런데 손 소독제를 이용하는 데 걱정도 적지 않다. 특히 임산부들의 걱정은 이만저만이 아니다. 손 소독제에 함유돼있는 알코올 성분이 혹시 태아나 수유 중인 아기에게 악영향을 줄까 우려하는 목소리가 크다.
90	17.0	0.2602	중국, 정부, 국민, 상황, 한국인, 발언, 원인, 당국, 국제, 소송	미국서 중국 상대 코로나 소송, 배상 받을 수 있다신종 코로나 바이러스 감염증(코로나19) 사태가 미중 간의 국제 소송전으로까지 비화할지 모를 상황이다. 미국 언론에 따르면 에릭 슈미트 미국 미주리주 법무장관이 21일(현지시간) 중국의 코로나19 대응 부실과 관련해 중국 정부 상대 손해배상을 청구하는 소송을 주 지방법원에 냈다. 중국 정부는 부인하고 있지만 코로나19는 우한(武漢)에서 발원했다는 게 국제사회에서 정설로 받아들여지고 있다. 게다가 중국 정부가 사태 초기에 정보를 통제하고 정확하게 공개하지 않음으로써 코로나19의 세계적 확산에 일정한 책임이 있다는 지적이 많다. 이런 '중국 책임론'과 관련, 미국과 인도 등의 변호사들이 대 중국 손해배상 소송을 추진하는 움직임이 외신을 통해 알려진 바 있지만 당국 차원에서 구체적인 행동이 이뤄진 것은 처음이라 비상한 관심이 쏠린다. 미국 사법부가 어떤 판단을 하느냐에 따라 코로나19의 타격을 받은 전 세계 각국이 유사 소송에 나설 수도 있기 때문이다. 과연 감염병 사태와 관련, 일국의 법원이 다른 나라 정부에 법적 책임을 물릴 수 있을까?
91	17.0	0.1855	중국, 정부, 국민, 상황, 한국인, 발언, 원인, 당국, 국제, 소송	중국에서 한국인만 차별한다?한국에서 코로나19가 확산되면서 중국 각 지역에서 한국인 격리를 강화한다는 소식이 SNS 및 블로그 등에서 이어지고 있다. “설연휴에 맞춰 한국에 왔는데 개학이 늦춰져 한달 넘게 귀국 일자를 잡지 못하고 있어요. 요즘 한국인 아파트에 ‘빨간 딱지’가 붙는다는 등 이런 뉴스를 보고 있으면 돌아갈 길이 걱정됩니다” 중국 명문 칭화대에서 유학 중인 이 모씨는 “중국 내 격리 상황이 정말 심각하냐”며 이처럼 물었다.  중국에서 한국인에 대한 차별이 실제로 있는지 확인해봤다.
92	17.0	0.1268	중국, 정부, 국민, 상황, 한국인, 발언, 원인, 당국, 국제, 소송	"50도 고량주로 손 소독 가능하다? 중국 교민들의 모임인 중국한국인회 박원우 회장이 7일 박원순 서울시장을 만나 ""중국에서는 손 세정제가 없어 50도짜리 중국 백주를 대신 쓴다""고 말했다. 중국 사정이 열악하다는 것과 의료품과 구호품 지원을 호소하기 위한 발언이었다. 정말 독한 술로 소독하는 것이 가능할까?"
93	18.0	0.2184	신종, 바이러스, 감염증, 가운데, 개인, 이야기, 잠복기, 의약, 확대, 이달	"비타민 C가 신종 코로나를 퇴치한다? 비타민 C는 바이러스를 죽이는 효과가 있다, 그래서 비타민 C를 먹으면 신종 코로나바이러스 퇴치에 도움이 된다. 우리나라와 다른 나라의 SNS에서 떠도는 신종 코로나바이러스 예방, 치료 방법 중 하나이다. 중국 언론들은 비타민 C가 많이 있다는 이유로 유자 껍질을 마스크 대용으로 이용한 중국인이 등장했다고 보도하기도 했다. 한 필리핀인은 페이스북에 ""비타민 C를 먹으면 신종 코로나바이러스에 도움이 된다""면서 DOH가 한 이야기라고 적어뒀다. DOH(Department of Health)는 필리핀 보건부를 의미한다. 비타민 C가 신종 코로나바이러스를 예방하고 치료하는 데 도움이 되는지, 영국 BBC 등이 팩트체크했다."
94	18.0	0.1649	신종, 바이러스, 감염증, 가운데, 개인, 이야기, 잠복기, 의약, 확대, 이달	코로나19, 아동한테는 유행하지 않는다?신종 코로나바이러스는 아동들 사이에서는 유행하지 않는다?전 세계적으로 신종 코로나바이러스의 기세가 꺾이지 않는 가운데, 신종 코로나 바이러스와 아동의 감염률과 관련된 이 같은 주장이 제기됐다. 아동이 신종 코로나바 이러스에 감염됐다고 보고되는 사례가 현저히 적기 때문이다. 일반적으로 생각했을 때 ‘면역력이 약하다’고 생각되는 어린이가 신종 코로나 바이러스에 감염되는 비율이 더 적은 이유는 무엇일까? 메르스, 사스 등이 유행했을 당시와는 어떻게 다를까?
95	18.0	0.133	신종, 바이러스, 감염증, 가운데, 개인, 이야기, 잠복기, 의약, 확대, 이달	신종 코로나 바이러스, 남성이 더 취약하다? 신종 코로나 바이러스 확진자들 가운데 남성이 여성보다 많이 나오자 온라인을 중심으로 “신종 코로나는 남성들이 더 많이 걸리고 아이들은 잘 걸리지 않는다”라는 이야기가 돌고 있다. Powered by Froala Editor
96	18.0	0.1297	신종, 바이러스, 감염증, 가운데, 개인, 이야기, 잠복기, 의약, 확대, 이달	신종 코로나바이러스, 몸이 닿기만 해도 감염된다.지난해 12월 1일 중국 후베이성 우한시에서 신종 코로나바이러스 첫 환자가 발견됐다. 이후 신종 코로나바이러스는 전 세계적으로 확산하며, 올해 1월 31일 오전 11시 50분을 기준으로 감염자 9,821명, 사망자 213명이 발생했다. 이달 20일 국내에서도 첫 번째 확진 환자가 나타났다. 신종 코로나바이러스에 대한 두려움이 커지며, 잇따라 사실 여부가 불분명한 뉴스들도 유포되고 있다. 이달 28일 중국 관영 매체인 인민일보는 공식 트위터에 '신체 접촉만으로 신종 코로나바이러스에 감염될 수 있다'고 발표했다. 감염자와 신체가 닿기만 하면, 감염될 수 있다는 게 사실일지 확인해봤다.Powered by Froala Editor
97	18.0	0.1263	신종, 바이러스, 감염증, 가운데, 개인, 이야기, 잠복기, 의약, 확대, 이달	신종 코로나보다 ‘미국 독감’이 더 심각하다신종 코로나 바이러스 감염증의 전세계적인 확산으로 우려가 커지고 있는 가운데, 신종 코로나 바이러스보다 미국에서 발생한 ‘미국 독감’이 더 치명적이라는 보도와 주장이 나왔다.
98	18.0	0.106	신종, 바이러스, 감염증, 가운데, 개인, 이야기, 잠복기, 의약, 확대, 이달	신종 코로나 바이러스, 폐렴 구균 백신과 김치로 예방된다? 신종 코로나에 대한 공포감이 커지면서 근거 없는 괴담도 번지고 있다. 신종 코로나 예방법에 대한 유언비어들도 퍼지고 있다. 폐렴구균 백신을 맞으면 신종 코로나 바이러스 감염을 예방할 수 있다, 김치가 예방 효과가 있다, 모두 사실일까?Powered by Froala Editor
99	18.0	0.1057	신종, 바이러스, 감염증, 가운데, 개인, 이야기, 잠복기, 의약, 확대, 이달	"""신종 코로나바이러스는 잠복기에도 전파력이 있다""마샤오웨이 중국 국가위생건강위원회 주임은 1월 26일 기자회견에서 ""신종 코로나바이러스는 사스(SARS·중증급성호흡기증후군)와 달리 잠복기에도 전염력이 있는 것으로 보인다""고 설명.Powered by Froala Editor"
100	18.0	0.0994	신종, 바이러스, 감염증, 가운데, 개인, 이야기, 잠복기, 의약, 확대, 이달	신종 코로나, 택배로도 전염된다? 신종 코로나바이러스 감염증 확진자가 늘면서 근거 없는 주장들도 퍼지고 있다. 관련 주장들을 따져봤다. Powered by Froala Editor
101	19.0	0.1186	확인, 국내, 중국인, 사실, 이다, 도움, 전국, 사이, 생산, 에선	"'신종 코로나' 때문에 국내에 중국인 난민 급증한다? SNS에 ""신종 코로나 바이러스 때문에 국내에 중국인 난민 급증한다""는 주장이 떠돌고 있다. 중국 정부가 제주도에 관광 온 우한 출신 자국민의 입국을 거부했는데, 이렇게 되면 국내에 중국인 난민이 급증할 것이란 주장이다. 몇몇 언론사의 보도가 난민 문제로까지 확산된 것이다. 해당 주장이 정말 사실인지 따져봤다. Powered by Froala Editor"
102	19.0	0.0908	확인, 국내, 중국인, 사실, 이다, 도움, 전국, 사이, 생산, 에선	중국인 유학생들은 2주간 등교를 하지 말아라?SBS <사실은>팀에 들어온 제보, 확인해보겠다. 서울의 주요 대학이 중국인 유학생들에게 2주간 등교를 하지 말라고 했다는데, 사실일까?Powered by Froala Editor
103	19.0	0.0766	확인, 국내, 중국인, 사실, 이다, 도움, 전국, 사이, 생산, 에선	소금으로 코로나19 바이러스를 예방·치료한다.온라인에서 각종 ‘코로나19 예방책’이 쏟아지고 있다. 가장 대표적인 것이 ‘소금’이다. 최근 집단 감염이 발생한 성남 지역 ‘은혜의 강’ 교회에서도 예배 전, 코로나19를 막는다며 신도들의 입에 소금물을 분무기로 뿌린 것으로 알려졌다. ‘소금으로 코로나19 바이러스를 막는다’는 설(說)의 진위 여부를 확인하고 ‘소금 허위 정보’가 반복되는 배경을 살펴본다.
104	20.0	0.3135	확진, 온라인, 격리, 외국인, 이용, 내국인, 매체, 제목, 입국자, 무료	"외국인 때문에 내국인이 격리시설 이용 못 한다가로세로연구소 유튜버 '목격자K'는 4월 6일 가세연 유튜브 영상에서, 서울시 코로나19 격리시설을 외국인 입국자들한테 주느라 내국인들이 이용을 못한다고 주장했습니다. ""지금 서울시에서 제공하는 (격리시설) 130실이요. 저게 외국인 입국자들한테 주는 겁니다. 저거 외국인 입국자들한테 주느라고, 지금 내국인들이 저걸 이용을 못하는 거예요. 저걸 꼭 이용해야 되는 사람들이 그 기회를 놓치는 겁니다."""
105	20.0	0.2772	확진, 온라인, 격리, 외국인, 이용, 내국인, 매체, 제목, 입국자, 무료	"외국에서 온 입국자 1,442명의 2주간 호텔 격리비와 확진시 400만원 진료비를 한국 정부가 부담한다""유럽에서 온 입국자 1,442명을 2주간 호텔 등지에 격리하고 호텔비와 식비 일체를 무료로 제공하고, 확진 때는 400만원 진료비까지 공짜로 제공하는 나라는 한국밖에 없다""라는 SNS 상에 내용들을 검증했다."
106	20.0	0.2641	확진, 온라인, 격리, 외국인, 이용, 내국인, 매체, 제목, 입국자, 무료	"""외국인 건강보험 적자 내국인들이 메우고 있다""최근 <중국인 의료비에 건보료 연 5천억, 우한폐렴 들끓는데...> 기사가 온라인에서 화제가 됐다. 기사의 댓글에는 중국인에 대한 혐오성 발언과 함께 외국인들의 진료비를 우리가 대주고 있다는 내용이 이어졌다.급기야 한 온라인 매체는 <“화가 난다!” 건강보험이 전 세계인의 ‘봉’!>이라는 제목의 칼럼에서 “지난 3년간 외국인에게 지급된 보험급여가 자그마치 1조4천억 원이나 된다. 외국인들이 낸 보험료에 비해 병원으로 지급된 보험급여가 지나치게 높은 만큼, 그 차액을 우리 국민들이 고스란히 보전해 주고 있는 것이다.”라고 주장했다. 해당 칼럼은 발행인이 같은 다른 매체에도 똑같이 실렸다."
107	20.0	0.193	확진, 온라인, 격리, 외국인, 이용, 내국인, 매체, 제목, 입국자, 무료	"한국 정부만 코로나19 외국인 확진자 무료 치료해준다코로나19 외국인 확진자에 진단검사, 치료, 격리 비용 등 의료비 전액을 지원하는 정부 방침을 두고 인터넷 커뮤니티 등에서 ""한국 정부만 외국인 확진자 의료비를 전액 지원한다""는 의혹이 떠오른다. 적지 않은 비용을 국고로 충당하는 건 ‘세금 낭비’라는 지적이다. 코로나19가 전 세계로 확산하는 가운데 각국은 어떻게 대처하고 있는지 알아봤다."
108	20.0	0.1568	확진, 온라인, 격리, 외국인, 이용, 내국인, 매체, 제목, 입국자, 무료	“확진자 2명 나오면 학교 폐쇄”?일부 온라인 커뮤니티를 중심으로 ‘개학 후 코로나19 확진자가 두 명 이상 발생하면 14일간 학교폐쇄’라는 내용이 공유되고 있어 학부모들의 우려가 커지고 있다. 맘카페 등의 커뮤니티에 주로 공유되는 내용은 일부 언론의 기사이다. 인터넷매체인 <인사이트>의 ‘개학 후 코로나 확진자 2명 이상 나오면 학교 ‘즉각 폐쇄’한다’는 제목의 기사가 대표적이다.
109	20.0	0.1263	확진, 온라인, 격리, 외국인, 이용, 내국인, 매체, 제목, 입국자, 무료	"""31번 확진자가 병원에서 격리당하기 싫어서 난동을 부렸다""19일 대구에서 신종 코로나바이러스 감염증(코로나19) 확진자가 13명이 나온 가운데, 지역사회와 인터넷 커뮤니티에서 ""31번째 확진자가 병원에서 격리당하기 싫어서 난동을 부렸다""는 글이 퍼지고 있다. 사실일까."
110	20.0	0.1119	확진, 온라인, 격리, 외국인, 이용, 내국인, 매체, 제목, 입국자, 무료	'부산 확진자 진상 LIVE 영상' 사실일까?지난 25일 인터넷 커뮤니티 등에는 '부산 확진자 근황' '부산 확진자 진상' '검역관 격리에 저항' 등 제목의 영상이 퍼졌다. 해당 동영상에는 한 여성이 보호복을 입은 구급대원과 실랑이를 벌이는 모습이 담겼다. <오마이뉴스>가 이 영상의 진위 여부를 확인했다.
111	21.0	0.3723	일, 한, 우, 감염증, 전염, 감염자, 위험, 귀국, 감염병, 반응	"우한 교민 전세기로 귀국, 전염 위험 늘린다?정부가 신종 코로나바이러스 감염증 발원지인 중국 우한(武漢)에 전세기를 투입해 현지에 거주하는 한국 국민을 귀국시킨다고 밝혔다. 정세균 국무총리는 28일 ""중국 우한에 체류하는 사람들 중 귀국을 희망하는 국민을 위해 1월30일과 31일 양일간 전세기를 보내는 등 적극적인 조치를 취하겠다""고 말했다. 주우한 한국총영사관에 따르면 귀국 인원은 700여 명 정도인 것으로 알려졌다. 이에 SNS(소셜네트워크서비스)와 인터넷 뉴스 이용자들 사이에서는 전세기 계획에 대한 우려가 나왔다. 이들은 ""우한에서 바이러스 숙주일지도 모르는 것을 태우고 오겠다고?"", ""우한에 있는 자국민들 잠복기인 사람들도 많을텐데 입국을 막아야한다""라는 등 부정적인 반응을 보였다. 우한에 전세기를 투입해 자국민을 귀국시키는 방법이 정말로 전염 위험을 늘릴까?Powered by Froala Editor"
112	21.0	0.1202	일, 한, 우, 감염증, 전염, 감염자, 위험, 귀국, 감염병, 반응	우한에서 신종 코로나 감염자가 집단으로 기절했다?Powered by Froala Editor
113	21.0	0.118	일, 한, 우, 감염증, 전염, 감염자, 위험, 귀국, 감염병, 반응	"중국산 김치, 식재료로 신종 코로나 감염 위험 있다?신종코로나바이러스 확산과 관련해 인터넷 커뮤니티 등에서는 김치와 같은 중국산 식품에 대한 우려도 나타나고 있다. 일부 이용자들은 “먹지 말아야 한다”는 반응도 보인다. ""감염자를 쳐다만 봐도 감염 우려가 있다""는 주장도 나온다."
114	21.0	0.0855	일, 한, 우, 감염증, 전염, 감염자, 위험, 귀국, 감염병, 반응	"코로나19 만성감염병 가능성 있다""코로나19 바이러스는 헤르페스처럼 치료되지 않고 인류와 공존할 수 있는 바이러스다."" 코로나19가 장기간 관리가 필요한 만성감염병으로 발전할 가능성에 대한 우려가 제기되고 있다."
115	22.0	0.2795	내용, 글, 인터넷, 커뮤니티, 이다, 연구소, 이, 검증, 개학, 의사	"""16번 확진자가 진주 대형마트에 들렀다""""(신종 코로나바이러스 16번 확진자의) 시댁이 진주라 진주 OO마트 등에도 들렀답니다."" 지난 5일 카카오톡 등 소셜미디어와 문자메시지, 인터넷 커뮤니티 상에서 퍼진 글의 내용이다. ""포OO 인터내셔녈 OOO 부사장입니다""라는 말로 시작하는 이 글은 '광양사업장 협력업체 직원의 부인이 신종 코로나 확진자로 판정돼 보고한다’는 내용을 담고 있다. 이 글이 문자메시지, 카카오톡, 인터넷 커뮤니티 상에 유포됐다. 사실일까."
116	22.0	0.2096	내용, 글, 인터넷, 커뮤니티, 이다, 연구소, 이, 검증, 개학, 의사	우한연구소로 파견되는 미국 친구의 글우한연구소로 파견되는 미국 친구가 썼다는 글이 돌고 있다. 카카오톡을 통해 '의사 권고안' 등의 여러 형태로 변형돼 퍼지면서, 의사협회에서는 가짜 권고안이라는 반박에 나서기도 했다. 이 글 출처의 진위, 즉 우한연구소로 파견되는 의사가 쓴 것이 맞는지, 또 내용은 어디까지 사실인지 확인해 볼 필요가 있다.
117	22.0	0.1758	내용, 글, 인터넷, 커뮤니티, 이다, 연구소, 이, 검증, 개학, 의사	"""광주 전남대 버스 정류장에서 피 묻은 마스크 발견돼 현재 검사 중이다""최근 신종 코로나바이러스 관련 정보를 공유하는 한 페이스북 계정에 피가 묻은 것으로 추정되는 마스크 사진이 담긴 게시글이 올라왔다. 광주 전남대학교 후문 버스정류장에서 한 외국인이 피 묻은 마스크를 버리고 갔고 의자에도 피가 묻어 있어 경찰에 신고했다는 내용이다. 해당 게시물에는 전남 지역 감염을 우려하는 댓글이 상당수 달렸고, 트위터 등 다른 SNS와 인터넷 커뮤니티에도 해당 내용이 공유되면서 불안감이 확산하는 분위기이다. ""혹시 모르니까 조심하자.""는 차원에서 올린 글이라지만, 게시물이 공유되면서 전남 지역에서도 신종 코로나바이러스가 발생한 것처럼 오인될 수 있는 여지가 있고, 사실 여부를 확인해달라는 지역 주민의 제보도 있어 취재진이 확인해봤다. Powered by Froala Editor"
118	22.0	0.1087	내용, 글, 인터넷, 커뮤니티, 이다, 연구소, 이, 검증, 개학, 의사	"중국 당국이 공문을 통해 ""마늘이 예방책""이라고 권고했다?중국 당국이 공문을 통해 ""마늘이 예방책""이라고 권고했다며, 아래와 같은 이미지가 퍼졌다.Powered by Froala Editor"
119	22.0	0.1034	내용, 글, 인터넷, 커뮤니티, 이다, 연구소, 이, 검증, 개학, 의사	"""마스크 턱에 걸쳐도 괜찮다?""코로나 바이러스 예방을 위해 마스크를 쓰고 있다가 잠시 턱에 걸쳐둘 때가 있다. 지자체 언론브리핑 장면이나 기자들의 현장 중계 때도 종종 볼 수 있는 모습인데 마스크를 턱에 걸치고 생활한다는 온라인 상의 게시물들을 보고 이것이 괜찮은 것인지 검증해달라는 시청자 요청이 많아 팩트체크 해봤다."
120	22.0	0.0996	내용, 글, 인터넷, 커뮤니티, 이다, 연구소, 이, 검증, 개학, 의사	‘美 CDC 코로나19 주의사항 10가지’, 사실이다?'미국 CDC가 강조하는 주의 사항 10가지'가 페이스북과 카카오톡 채팅방 등 SNS를 통해서 유통되고 있다. 영어와 한국어가 병기된 본문에는 코로나19 관련 '10가지 주의 사항'과 함께 '4가지 증상'이 담겨있다. 과연 맞는 내용인지 따져 봤다.
121	22.0	0.0981	내용, 글, 인터넷, 커뮤니티, 이다, 연구소, 이, 검증, 개학, 의사	"""개학연기로 인해 초등학교 여름방학이 4일뿐이다""코로나19로 인해 3차 휴업명령이 내려졌다. 길어지는 개학연기에 온라인에서는 올해 학사일정 중 여름방학이 단 4일뿐이라는 소문이 돌고 있다. 과연 사실인지 검증해봤다."
122	22.0	0.0954	내용, 글, 인터넷, 커뮤니티, 이다, 연구소, 이, 검증, 개학, 의사	서울대병원 26일 아침 회의에서 나온 코로나19 특징지난 26일 오후부터 인터넷에는 서울대병원 아침 회의에서 나온 내용이라며 코로나19 지침서 같은 글이 삽시간에 퍼졌다. 코로나19의 감염력은 독감보다 높고, 고연령일수록 위험하다는 내용이 포함됐다. 또, 우리나라에선 40대 이하 환자가 많고, 초기 바이러스양이 중기보다 오히려 많다는 내용도 담고 있다. 사실인지 확인해봤다.
